{
    "CO2(g)": {
        "coeff": [0.29370, 0.3454, 1.428, 0.26400, 588],
        "T_range": [50, 5000]},
    "CO(g)": {
        "coeff": [0.29108, 0.08773, 3.0851, 0.084553, 1538.2],
        "T_range": [60, 1500]},
    "H2(g)": {
        "coeff": [0.27617, 0.0956, 2.466, 0.0376, 567.6],
        "T_range": [250, 1500]},
    "CH4(g)": {
        "coeff": [0.33298, 0.79933, 2.0869, 0.41602, 991.96],
        "T_range": [50, 1500]},
    "O2(g)": {
        "coeff": [0.29103, 0.1004, 2.5265, 0.09356, 1153.8],
        "T_range": [50, 1500]},
    "H2O(g)": {
        "coeff": [0.33363, 0.26790, 2.6105, 0.08896, 1169],
        "T_range": [100, 2273.15]},
    "C(s)": {
        "coeff" : [0.08430, 0, 1, 0, 1],
        "T_range": [300, 2400]}
}