{
    "CO2(g)": {
        "coeff": {
            "A": 0.29370, "B":0.3454, "C": 1.428,
            "D": 0.26400, "E": 588},
        "T_range": [50, 5000]},
    "CO(g)": {
        "coeff": {
            "A": 0.29108, "B":0.08773, "C": 3.0851,
            "D": 0.084553, "E": 1538.2},
        "T_range": [60, 1500]},
    "H2(g)": {
        "coeff": {
            "A": 0.27617, "B":0.0956, "C": 2.466,
            "D": 0.0376, "E": 567.6},
        "T_range": [250, 1500]},
    "CH4(g)": {
        "coeff": {
            "A": 0.33298, "B":0.79933, "C": 2.0869,
            "D": 0.41602, "E": 991.96},
        "T_range": [50, 1500]},
    "O2(g)": {
        "coeff": {
            "A": 0.29103, "B":0.1004, "C": 2.5265,
            "D": 0.09356, "E": 1153.8},
        "T_range": [50, 1500]},
    "H2O(g)": {
        "coeff": {
            "A": 0.33363, "B":0.26790, "C": 2.6105,
            "D": 0.08896, "E": 1169},
        "T_range": [100, 2273.15]},
    "C(s)": {
        "coeff" : {
            "A": 0.08430, "B":0, "C": 1,
            "D": 0, "E": 1},
        "T_range": [300, 2400]}
}