{
    "CO2": 
        {"Tc": 304.21, "Pc": 7.383, "Vc": 0.094, "Zc": 0.274, "w": 0.2236},
    "CO": 
        {"Tc": 132.92, "Pc": 3.499, "Vc": 0.0944, "Zc": 0.299, "w": 0.0482},
    "H2": 
        {"Tc": 33.19, "Pc": 1.313, "Vc": 0.064147, "Zc": 0.305, "w": -0.2160},
    "CH4": 
        {"Tc": 190.564, "Pc": 4.599, "Vc": 0.0986, "Zc": 0.286, "w": 0.0115},
    "N2": 
        {"Tc": 126.2, "Pc": 3.4, "Vc": 0.08921, "Zc": 0.289, "w": 0.0377},
    "O2": 
        {"Tc": 154.58, "Pc": 5.043, "Vc": 0.0734, "Zc": 0.288, "w": 0.0222},
    "H2O": 
        {"Tc": 647.096, "Pc": 22.064, "Vc": 0.0559472, "Zc": 0.229,
            "w": 0.3449},
    "C": 
        {"Tc": null, "Pc": null, "Vc": null, "Zc": null, "w": null}
}